id,price
1200019,100000
3600057,100000
7600065,100000
7600125,100000
11500240,100000
11500890,100000
11520200,100000
11900140,100000
13001215,100000
13001991,100000
16000200,100000
23520190,100000
31000165,100000
40000228,100000
40000471,100000
53500450,100000
59000201,100000
59000445,100000
84000105,100000
84000335,100000
88000173,100000
88000591,100000
97600140,100000
98000060,100000
98000740,100000
98000750,100000
98020350,100000
98020480,100000
98030660,100000
98300230,100000
104510340,100000
104530240,100000
104540840,100000
104550690,100000
104560010,100000
106000320,100000
106000395,100000
114100304,100000
114100354,100000
114101055,100000
114101516,100000
114700150,100000
120059044,100000
121039042,100000
123039279,100000
123039642,100000
123059046,100000
125069038,100000
126039213,100000
126039252,100000
126039305,100000
126059018,100000
127100005,100000
148000450,100000
162500015,100000
162500030,100000
164000174,100000
164000237,100000
164000267,100000
179001101,100000
182000350,100000
191100810,100000
191101015,100000
192300020,100000
192600100,100000
193300140,100000
193600200,100000
194000145,100000
200500680,100000
200800200,100000
203100690,100000
203100910,100000
203101330,100000
203600140,100000
203900380,100000
203900610,100000
203900690,100000
203900920,100000
205000450,100000
207700050,100000
217500015,100000
217500135,100000
217500140,100000
221029019,100000
221049191,100000
224059021,100000
224069134,100000
225039177,100000
226039282,100000
226109056,100000
236500010,100000
240000031,100000
241900060,100000
249000115,100000
252000300,100000
254000100,100000
254000735,100000
255000320,100000
255370020,100000
255450380,100000
255460330,100000
255520180,100000
255550190,100000
257000038,100000
259000100,100000
259600260,100000
259600910,100000
259800410,100000
259800750,100000
259801110,100000
259900160,100000
263000006,100000
263000255,100000
267000170,100000
269000221,100000
269000950,100000
269000970,100000
272000085,100000
272000125,100000
272000220,100000
274100090,100000
290000075,100000
290200230,100000
291300010,100000
293070010,100000
293070090,100000
293610040,100000
293720140,100000
293760150,100000
293800120,100000
293910070,100000
301400320,100000
301400930,100000
301401410,100000
301402280,100000
303800020,100000
304100010,100000
316000190,100000
318300040,100000
318390180,100000
319500570,100000
321049090,100000
322059210,100000
322069180,100000
323069120,100000
323079065,100000
323079101,100000
323089005,100000
324000530,100000
324069015,100000
325059126,100000
326049060,100000
326069118,100000
326069164,100000
333100265,100000
339600090,100000
339600190,100000
339600460,100000
379000051,100000
381000110,100000
390100060,100000
393000045,100000
393000142,100000
395300100,100000
395800370,100000
402000260,100000
408100105,100000
411100020,100000
415100015,100000
421059018,100000
423059369,100000
423059387,100000
424059100,100000
424069018,100000
424069130,100000
424069206,100000
424069233,100000
424069275,100000
424069279,100000
425069102,100000
425069104,100000
425069136,100000
425069147,100000
425079100,100000
425200205,100000
428000150,100000
428100580,100000
434000040,100000
439000230,100000
439200035,100000
442000175,100000
442000210,100000
443000060,100000
446000010,100000
455000190,100000
455000760,100000
461002025,100000
461003835,100000
461004730,100000
461005435,100000
472000590,100000
472000895,100000
476000110,100000
476000118,100000
510000050,100000
510002065,100000
511700170,100000
514500235,100000
518500460,100000
522049104,100000
522059130,100000
522059172,100000
522069097,100000
523049106,100000
524059063,100000
524059323,100000
524069037,100000
524069115,100000
525069133,100000
526059183,100000
526059224,100000
534000195,100000
538000030,100000
538000250,100000
540100056,100000
546000865,100000
546000875,100000
546001060,100000
561000300,100000
567000381,100000
567000382,100000
567000392,100000
567000660,100000
567000672,100000
567000680,100000
569000050,100000
573000490,100000
579000595,100000
582000010,100000
582000135,100000
597000195,100000
597000593,100000
603000555,100000
603000926,100000
613400030,100000
621049103,100000
621069074,100000
621069154,100000
621069218,100000
622069123,100000
623049341,100000
624100990,100000
624110020,100000
624110050,100000
624110540,100000
625049313,100000
625100181,100000
626049102,100000
626059220,100000
627300105,100000
629000730,100000
629400340,100000
629500170,100000
629650370,100000
629810800,100000
629890070,100000
642150080,100000
642500080,100000
643300180,100000
662310900,100000
662440020,100000
686100380,100000
686300420,100000
686300880,100000
686500030,100000
686530170,100000
686800065,100000
686900010,100000
687600110,100000
688000017,100000
705700960,100000
705710640,100000
713500020,100000
714000210,100000
715010130,100000
715010140,100000
721069087,100000
722059070,100000
722079015,100000
723000114,100000
723049197,100000
723049307,100000
723049448,100000
723049476,100000
724069059,100000
726049184,100000
726049202,100000
726059047,100000
726059048,100000
726059349,100000
726059483,100000
739500050,100000
739800070,100000
740500070,100000
745000005,100000
745500010,100000
745530040,100000
751000190,100000
764000180,100000
766900250,100000
789000550,100000
793200100,100000
797000256,100000
798000145,100000
798000457,100000
806800090,100000
807800020,100000
808000070,100000
808300200,100000
809001505,100000
809002215,100000
811000050,100000
811000055,100000
822039004,100000
822039146,100000
822059038,100000
822059101,100000
823069074,100000
824059042,100000
824059321,100000
824059324,100000
824069173,100000
824069193,100000
825079019,100000
826000480,100000
826000495,100000
826059152,100000
826069184,100000
827000110,100000
832700170,100000
832700270,100000
844000180,100000
844001052,100000
853200010,100000
853600150,100000
853600310,100000
856000255,100000
856001130,100000
859000022,100000
859000160,100000
868000175,100000
868000305,100000
868000905,100000
868001030,100000
868001295,100000
868002335,100000
869700050,100000
871000155,100000
871001500,100000
871001735,100000
880000205,100000
886000015,100000
908000260,100000
917000300,100000
920069052,100000
920069053,100000
921059200,100000
922059020,100000
922069169,100000
923000095,100000
923000265,100000
923049378,100000
923059252,100000
924000040,100000
924069042,100000
925059042,100000
925059113,100000
926069192,100000
936000055,100000
952000640,100000
952000725,100000
952003585,100000
952007069,100000
955000453,100000
982850060,100000
984000130,100000
984220240,100000
984220330,100000
985001275,100000
993000308,100000
993001914,100000
993001961,100000
993002127,100000
993002247,100000
993002325,100000
1003400155,100000
1005000062,100000
1015000050,100000
1020069042,100000
1021049057,100000
1022059123,100000
1022069058,100000
1022069071,100000
1023059190,100000
1023089096,100000
1024039001,100000
1025049115,100000
1025069255,100000
1025079074,100000
1026049082,100000
1026069044,100000
1036000280,100000
1036450170,100000
1036450360,100000
1041440360,100000
1042700060,100000
1042700290,100000
1048000160,100000
1049000060,100000
1049000740,100000
1049010050,100000
1049010300,100000
1049010390,100000
1061500110,100000
1061500360,100000
1066600045,100000
1068000375,100000
1079350090,100000
1079450410,100000
1081300390,100000
1081330030,100000
1084000107,100000
1085621960,100000
1085623250,100000
1085623630,100000
1088000030,100000
1088800470,100000
1089000190,100000
1090000036,100000
1090000075,100000
1093000090,100000
1096100010,100000
1099600250,100000
1099610830,100000
1099760230,100000
1105000296,100000
1105000432,100000
1109000040,100000
1112000035,100000
1112700130,100000
1115300270,100000
1115800110,100000
1115800440,100000
1115810060,100000
1117000050,100000
1118000465,100000
1118001201,100000
1120069036,100000
1120069059,100000
1121000357,100000
1123049129,100000
1123059116,100000
1125069134,100000
1126049103,100000
1126049105,100000
1133000235,100000
1133000671,100000
1136100072,100000
1137300340,100000
1137300900,100000
1137450120,100000
1138000160,100000
1138020200,100000
1139000215,100000
1139600270,100000
1148000005,100000
1150000400,100000
1150000740,100000
1150001270,100000
1151100010,100000
1152200030,100000
1152700090,100000
1154100515,100000
1157200189,100000
1160000300,100000
1163400070,100000
1172000135,100000
1175000110,100000
1175001135,100000
1176001293,100000
1177000130,100000
1180000625,100000
1180002470,100000
1180002580,100000
1180002745,100000
1180003090,100000
1180005220,100000
1189000205,100000
1189000492,100000
1189000910,100000
1193000025,100000
1196000007,100000
1202000200,100000
1211000185,100000
1217000270,100000
1218000030,100000
1218000195,100000
1219000043,100000
1221000395,100000
1221000490,100000
1221039066,100000
1221059112,100000
1222069129,100000
1222069136,100000
1223089050,100000
1223089081,100000
1223089083,100000
1226039103,100000
1231000640,100000
1231001090,100000
1231001110,100000
1231001130,100000
1233100260,100000
1233100720,100000
1235700052,100000
1237500120,100000
1237500577,100000
1238500978,100000
1238501099,100000
1238501188,100000
1238900130,100000
1240100065,100000
1241500032,100000
1241500350,100000
1241500351,100000
1242700035,100000
1245000500,100000
1245001820,100000
1245002281,100000
1245002445,100000
1245002952,100000
1245003268,100000
1245003740,100000
1245500950,100000
1246700251,100000
1247600105,100000
1250200418,100000
1250200595,100000
1250200605,100000
1250202115,100000
1250202660,100000
1250202990,100000
1250203860,100000
1250700060,100000
1251200055,100000
1254200075,100000
1254201106,100000
1257201010,100000
1269200229,100000
1270000040,100000
1274500240,100000
1277000020,100000
1300300730,100000
1310430400,100000
1310440280,100000
1310900610,100000
1310960190,100000
1312200080,100000
1313000650,100000
1313300400,100000
1313500090,100000
1315300070,100000
1320069223,100000
1320069255,100000
1321700390,100000
1321720160,100000
1324059048,100000
1324079085,100000
1324300290,100000
1324300380,100000
1326039061,100000
1326049130,100000
1326049170,100000
1326059185,100000
1326069151,100000
1326069191,100000
1327600150,100000
1328300820,100000
1328310440,100000
1328320440,100000
1328320800,100000
1329000090,100000
1330290160,100000
1330900050,100000
1330900230,100000
1331900020,100000
1332000110,100000
1332700020,100000
1336800670,100000
1337800805,100000
1337800855,100000
1338300170,100000
1338600225,100000
1338800280,100000
1338800430,100000
1344300045,100000
1346300035,100000
1352300520,100000
1355300009,100000
1370800935,100000
1370801331,100000
1370801435,100000
1370801565,100000
1370802540,100000
1370802620,100000
1370802770,100000
1370803835,100000
1370803940,100000
1370804100,100000
1377800135,100000
1387300070,100000
1387301430,100000
1389600080,100000
1392800035,100000
1393800005,100000
1397300120,100000
1400300055,100000
1402650360,100000
1402810140,100000
1402970020,100000
1407300012,100000
1419700270,100000
1421039067,100000
1422069070,100000
1422300160,100000
1423049019,100000
1423200110,100000
1423400225,100000
1423600300,100000
1423800380,100000
1423900220,100000
1423910670,100000
1424059130,100000
1424059142,100000
1425059180,100000
1426079047,100000
1426300842,100000
1430800162,100000
1430800279,100000
1432701380,100000
1432900240,100000
1432900350,100000
1433100010,100000
1437580480,100000
1437580600,100000
1438000110,100000
1438000130,100000
1440700190,100000
1441300130,100000
1441600020,100000
1441600160,100000
1441800250,100000
1442300005,100000
1442800060,100000
1443500120,100000
1445200110,100000
1446110020,100000
1446400648,100000
1446400725,100000
1446400785,100000
1446401220,100000
1446401290,100000
1446401550,100000
1446403305,100000
1446800660,100000
1446800995,100000
1447600285,100000
1450100330,100000
1450900020,100000
1453600681,100000
1453602310,100000
1453602360,100000
1454100122,100000
1454100127,100000
1455600015,100000
1455600045,100000
1463400081,100000
1471610070,100000
1471630350,100000
1473000020,100000
1473060030,100000
1473120390,100000
1489300215,100000
1492800296,100000
1494300040,100000
1498301048,100000
1498301168,100000
1502400140,100000
1502400300,100000
1513800036,100000
1513800170,100000
1515920090,100000
1518000070,100000
1518000230,100000
1522039105,100000
1523049188,100000
1523059180,100000
1523059183,100000
1523069072,100000
1523069095,100000
1523089012,100000
1523300180,100000
1525059165,100000
1525059190,100000
1525069088,100000
1526079026,100000
1529200340,100000
1529300160,100000
1535204365,100000
1541700170,100000
1543000060,100000
1545804510,100000
1545805730,100000
1546600230,100000
1549500272,100000
1552100135,100000
1552520010,100000
1556200265,100000
1558100398,100000
1559900080,100000
1560100135,100000
1560800150,100000
1560920040,100000
1560920370,100000
1560930450,100000
1561900180,100000
1561900330,100000
1562100030,100000
1562200380,100000
1563102880,100000
1563103040,100000
1565930070,100000
1565950230,100000
1565950260,100000
1566100010,100000
1568100300,100000
1568100387,100000
1574700140,100000
1591600506,100000
1592000680,100000
1601600167,100000
1604590190,100000
1604600095,100000
1604600540,100000
1604601225,100000
1604601803,100000
1615900020,100000
1622049182,100000
1623049041,100000
1623049133,100000
1623089025,100000
1623300765,100000
1623800440,100000
1624049170,100000
1624049275,100000
1624049291,100000
1624079021,100000
1626069102,100000
1626079066,100000
1626079132,100000
1630700135,100000
1630700380,100000
1643500072,100000
1644500050,100000
1644510040,100000
1645000580,100000
1646500365,100000
1646500785,100000
1652500010,100000
1657000070,100000
1683600120,100000
1685800100,100000
1687000200,100000
1687000220,100000
1687000240,100000
1687910100,100000
1697000370,100000
1697000400,100000
1703050200,100000
1704900206,100000
1705400361,100000
1720069006,100000
1721059230,100000
1721801025,100000
1722800835,100000
1723049270,100000
1723049419,100000
1723049567,100000
1724069079,100000
1724079048,100000
1725079047,100000
1725079061,100000
1726600150,100000
1727500230,100000
1727850340,100000
1732800184,100000
1732800194,100000
1735800050,100000
1736800520,100000
1742800030,100000
1742800430,100000
1760650210,100000
1760650280,100000
1760650500,100000
1760650900,100000
1761100190,100000
1761300100,100000
1761300850,100000
1770000460,100000
1770000490,100000
1771000760,100000
1771000970,100000
1771100330,100000
1771110720,100000
1773100121,100000
1773100275,100000
1773100310,100000
1773100416,100000
1773101020,100000
1773101159,100000
1773600264,100000
1773600691,100000
1774000330,100000
1774200190,100000
1774220350,100000
1774230180,100000
1775500050,100000
1775700011,100000
1775800420,100000
1775800860,100000
1775910270,100000
1775920350,100000
1775930140,100000
1775930440,100000
1775950100,100000
1778350270,100000
1781500385,100000
1782000085,100000
1782500035,100000
1785500132,100000
1786810040,100000
1787250210,100000
1787270090,100000
1787600094,100000
1787600165,100000
1788800770,100000
1788900230,100000
1789900080,100000
1794500870,100000
1794501390,100000
1796000120,100000
1796100015,100000
1796200140,100000
1796360370,100000
1796360990,100000
1796381070,100000
1797500530,100000
1797500985,100000
1819800286,100000
1822039225,100000
1822059057,100000
1822069109,100000
1822069116,100000
1822079046,100000
1823059223,100000
1823099076,100000
1824079052,100000
1824079073,100000
1825069072,100000
1825079046,100000
1825079070,100000
1826049408,100000
1826059042,100000
1829700080,100000
1836980240,100000
1837000010,100000
1837010010,100000
1837010040,100000
1839910300,100000
1840000030,100000
1841500050,100000
1842000140,100000
1842390130,100000
1843100070,100000
1843130210,100000
1853000400,100000
1853080150,100000
1853080570,100000
1854750090,100000
1860600840,100000
1861400068,100000
1861400116,100000
1862400057,100000
1862400132,100000
1862400176,100000
1862400226,100000
1863900190,100000
1865810290,100000
1865820300,100000
1868900035,100000
1870400605,100000
1873100390,100000
1887500045,100000
1890000275,100000
1895000260,100000
1895450200,100000
1898200100,100000
1898310100,100000
1898310110,100000
1898600100,100000
1898700050,100000
1900600105,100000
1901600090,100000
1917300260,100000
1921059213,100000
1921059235,100000
1921059303,100000
1921069059,100000
1922059010,100000
1922059282,100000
1922059298,100000
1923300135,100000
1923800135,100000
1924059248,100000
1924059278,100000
1924059319,100000
1924069105,100000
1924069115,100000
1925059049,100000
1925069006,100000
1925069183,100000
1926069035,100000
1929300415,100000
1930300915,100000
1930301540,100000
1931300110,100000
1931300308,100000
1931300688,100000
1931300977,100000
1934800086,100000
1937300180,100000
1937300280,100000
1938400040,100000
1938400300,100000
1938400410,100000
1938400520,100000
1939000010,100000
1939000040,100000
1939110080,100000
1939110310,100000
1939130120,100000
1950900005,100000
1951500030,100000
1951600150,100000
1952200410,100000
1953400510,100000
1953400520,100000
1954420380,100000
1954430190,100000
1954630080,100000
1954700615,100000
1954700695,100000
1959700445,100000
1959700540,100000
1959701745,100000
1959703070,100000
1964700054,100000
1972200139,100000
1972200426,100000
1972200725,100000
1972201967,100000
1972202010,100000
1972202080,100000
1982200245,100000
1982200430,100000
1982200480,100000
1982200675,100000
1982201345,100000
1982201596,100000
1994200260,100000
1995200200,100000
1995200215,100000
1997200060,100000
1997200165,100000
2004100075,100000
2005600090,100000
2008200060,100000
2009000370,100000
2009003136,100000
2011000020,100000
2011400019,100000
2011400021,100000
2011400779,100000
2013800705,100000
2013802030,100000
2021000180,100000
2021201000,100000
2022069200,100000
2023039160,100000
2023049218,100000
2023059052,100000
2024059094,100000
2024059111,100000
2025049192,100000
2025059131,100000
2025059150,100000
2025069037,100000
2025700730,100000
2025700790,100000
2025760210,100000
2026049122,100000
2026049124,100000
2026049125,100000
2028700265,100000
2028700360,100000
2028701165,100000
2044500152,100000
2044500201,100000
2061100570,100000
2064800120,100000
2071500011,100000
2077700042,100000
2095500120,100000
2112700280,100000
2113200065,100000
2113700060,100000
2113700500,100000
2113700790,100000
2114300290,100000
2114700040,100000
2114700374,100000
2114700460,100000
2115510340,100000
2115720500,100000
2122049013,100000
2122049038,100000
2122059127,100000
2122059198,100000
2122059216,100000
2123049114,100000
2123700015,100000
2124069103,100000
2125059112,100000
2126049032,100000
2126049096,100000
2126059048,100000
2126059172,100000
2126059234,100000
2126079014,100000
2128000050,100000
2129700142,100000
2129700320,100000
2130200160,100000
2130701535,100000
2131701410,100000
2133010290,100000
2140950130,100000
2141300620,100000
2141310490,100000
2141310540,100000
2141310820,100000
2141500020,100000
2143701015,100000
2144800117,100000
2144800146,100000
2154900330,100000
2155000290,100000
2158900140,100000
2158900290,100000
2159900060,100000
2163900028,100000
2171400197,100000
2171400199,100000
2174503441,100000
2175100270,100000
2180001080,100000
2185000685,100000
2190600243,100000
2195700270,100000
2197600388,100000
2197600451,100000
2201500680,100000
2201501015,100000
2202500080,100000
2202500110,100000
2202500255,100000
2205500030,100000
2205500335,100000
2205700350,100000
2206500300,100000
2206500430,100000
2206500550,100000
2206700070,100000
2206700165,100000
2207100650,100000
2207200520,100000
2211700160,100000
2212250080,100000
2212600040,100000
2212900180,100000
2212900920,100000
2215900900,100000
2215900930,100000
2215901310,100000
2221000070,100000
2222039011,100000
2222059099,100000
2223059099,100000
2223069112,100000
2224079086,100000
2225039103,100000
2225039130,100000
2225069062,100000
2225079030,100000
2228900161,100000
2231000020,100000
2239000011,100000
2239800070,100000
2241700075,100000
2251500270,100000
2254100090,100000
2254501440,100000
2254501620,100000
2254502445,100000
2260000210,100000
2260800170,100000
2264500425,100000
2264500890,100000
2267000486,100000
2268000050,100000
2291400236,100000
2291400342,100000
2291400566,100000
2296500036,100000
2296700050,100000
2296700470,100000
2301400276,100000
2303900035,100000
2309710130,100000
2309710230,100000
2310000430,100000
2310030490,100000
2310030510,100000
2310040230,100000
2310100180,100000
2313900560,100000
2314300200,100000
2316400285,100000
2316800100,100000
2320069111,100000
2322069100,100000
2325039057,100000
2325059101,100000
2325300093,100000
2325400040,100000
2326059080,100000
2326059099,100000
2326079039,100000
2326300010,100000
2329800110,100000
2329800630,100000
2329810590,100000
2330000130,100000
2331300415,100000
2331300505,100000
2331540070,100000
2341800195,100000
2344300220,100000
2345700260,100000
2346800005,100000
2346800180,100000
2346800461,100000
2351800065,100000
2354300456,100000
2385200050,100000
2386000020,100000
2391602650,100000
2395710070,100000
2397101270,100000
2397101460,100000
2402100715,100000
2408600160,100000
2413900050,100000
2413910190,100000
2414600126,100000
2414600255,100000
2420069017,100000
2420069042,100000
2420069242,100000
2421059125,100000
2422049104,100000
2423069170,100000
2423400040,100000
2425039017,100000
2425049066,100000
2425069069,100000
2425700022,100000
2426049079,100000
2426049174,100000
2428100070,100000
2436700315,100000
2436700666,100000
2450000295,100000
2459000020,100000
2459500070,100000
2460700030,100000
2460900010,100000
2461900446,100000
2461900845,100000
2464400280,100000
2464400340,100000
2469000010,100000
2472920800,100000
2472950170,100000
2473000680,100000
2473001210,100000
2473101070,100000
2473101190,100000
2473101360,100000
2473251170,100000
2473350790,100000
2473350930,100000
2473370050,100000
2473371570,100000
2473381150,100000
2473400290,100000
2473410740,100000
2473460060,100000
2473460650,100000
2473480350,100000
2473530150,100000
2474300050,100000
2474400250,100000
2475200290,100000
2475200330,100000
2475200370,100000
2475200590,100000
2475200870,100000
2475200930,100000
2475900840,100000
2482500040,100000
2483200060,100000
2485000202,100000
2487700065,100000
2488200168,100000
2490200450,100000
2492200280,100000
2492201005,100000
2493200040,100000
2493200370,100000
2500600289,100000
2505500009,100000
2513500010,100000
2517000600,100000
2522069064,100000
2524049179,100000
2524049215,100000
2524049250,100000
2524059267,100000
2524069072,100000
2525000510,100000
2525049148,100000
2525049259,100000
2525300540,100000
2525300550,100000
2526069092,100000
2538410140,100000
2541100010,100000
2546500020,100000
2547200240,100000
2553300120,100000
2553300140,100000
2553300270,100000
2558160220,100000
2558650130,100000
2558660290,100000
2561340020,100000
2561360120,100000
2566300100,100000
2568300045,100000
2568300132,100000
2568800160,100000
2569600150,100000
2579500101,100000
2581900235,100000
2586800270,100000
2589300065,100000
2591010290,100000
2591020560,100000
2591730200,100000
2591800530,100000
2592210160,100000
2592300450,100000
2592400170,100000
2592400470,100000
2592401080,100000
2594200375,100000
2595300210,100000
2596300035,100000
2596400050,100000
2597500840,100000
2597520090,100000
2597520580,100000
2597531030,100000
2597670080,100000
2597690050,100000
2597800010,100000
2599001010,100000
2599001200,100000
2600010070,100000
2600100110,100000
2600100370,100000
2600110250,100000
2600140070,100000
2600300110,100000
2607730110,100000
2607730490,100000
2607740100,100000
2607760700,100000
2607760890,100000
2607801120,100000
2608300030,100000
2617300200,100000
2619920110,100000
2619950350,100000
2620069077,100000
2620069195,100000
2621069017,100000
2621069066,100000
2621400080,100000
2621700010,100000
2623069067,100000
2623069069,100000
2623089002,100000
2624049073,100000
2624089007,100000
2624089040,100000
2626119062,100000
2634500005,100000
2641400290,100000
2641800015,100000
2641800060,100000
2644900109,100000
2644900110,100000
2652500126,100000
2652501215,100000
2652501470,100000
2652501513,100000
2652501565,100000
2653000005,100000
2660500365,100000
2680700280,100000
2690100170,100000
2695600130,100000
2695600195,100000
2695600375,100000
2700200040,100000
2705600068,100000
2710600045,100000
2719100400,100000
2720000120,100000
2720069019,100000
2721049059,100000
2721049061,100000
2722059010,100000
2722059183,100000
2722069077,100000
2724049146,100000
2724049185,100000
2724069010,100000
2724200705,100000
2725069085,100000
2726049071,100000
2726049169,100000
2726059100,100000
2734100395,100000
2738640040,100000
2738640310,100000
2747100024,100000
2754700035,100000
2755200040,100000
2755200110,100000
2759800110,100000
2767600150,100000
2767600400,100000
2767600673,100000
2767600688,100000
2767600921,100000
2767601031,100000
2767601100,100000
2767601805,100000
2767601815,100000
2767602855,100000
2767603165,100000
2767603250,100000
2767603591,100000
2767603962,100000
2767604592,100000
2767704345,100000
2767704649,100000
2768000400,100000
2768100040,100000
2768100545,100000
2768200212,100000
2768301182,100000
2768301477,100000
2768301482,100000
2768301490,100000
2768301525,100000
2769600190,100000
2769600590,100000
2769601250,100000
2769602710,100000
2770601461,100000
2770601462,100000
2770601912,100000
2770602360,100000
2770602493,100000
2770603523,100000
2770604082,100000
2770606822,100000
2771101963,100000
2771102144,100000
2771102158,100000
2771602420,100000
2771603940,100000
2776600002,100000
2781200010,100000
2781200090,100000
2781240050,100000
2781250110,100000
2781250150,100000
2781250400,100000
2781250610,100000
2781250970,100000
2781270210,100000
2781270400,100000
2781270440,100000
2781270550,100000
2785000290,100000
2787310130,100000
2787460430,100000
2788400315,100000
2804600005,100000
2806800090,100000
2806800120,100000
2810600210,100000
2815600215,100000
2817100430,100000
2817100900,100000
2817910030,100000
2818600060,100000
2818600115,100000
2822059262,100000
2822069078,100000
2826049023,100000
2826049106,100000
2826049117,100000
2826049160,100000
2826049234,100000
2826049260,100000
2826049282,100000
2843200070,100000
2848700585,100000
2856101105,100000
2861100030,100000
2868300061,100000
2868900160,100000
2869200110,100000
2871000300,100000
2872100245,100000
2872100345,100000
2872100385,100000
2874600040,100000
2877102180,100000
2877102495,100000
2877102651,100000
2878601425,100000
2881700046,100000
2883200760,100000
2887701420,100000
2887702070,100000
2887970040,100000
2890100060,100000
2891000680,100000
2895550050,100000
2895600350,100000
2895800380,100000
2895800610,100000
2895810200,100000
2896310120,100000
2896610210,100000
2902200015,100000
2902200016,100000
2902201300,100000
2909300640,100000
2909310100,100000
2909700070,100000
2911000100,100000
2911700010,100000
2914700310,100000
2916200138,100000
2916610150,100000
2916620240,100000
2917200085,100000
2919700107,100000
2919702705,100000
2922701175,100000
2923049421,100000
2926049504,100000
2926049564,100000
2926069062,100000
2927600105,100000
2927600415,100000
2927600675,100000
2937300050,100000
2938200040,100000
2944010240,100000
2944500340,100000
2946002140,100000
2946002914,100000
2946003947,100000
2953000250,100000
2968801085,100000
2968801105,100000
2968801315,100000
2968801366,100000
2970800145,100000
2976800749,100000
2979800520,100000
2979800762,100000
2979801095,100000
2985800030,100000
2985800070,100000
2988800011,100000
2991000400,100000
2997800075,100000
2998300060,100000
3013300830,100000
3013300895,100000
3019300050,100000
3020079078,100000
3021049140,100000
3021059244,100000
3021059276,100000
3022900070,100000
3023000210,100000
3023049186,100000
3023049256,100000
3023069166,100000
3024059126,100000
3024089049,100000
3025059124,100000
3026059085,100000
3026059204,100000
3026059361,100000
3028200080,100000
3028200100,100000
3031200165,100000
3034200275,100000
3034200516,100000
3034200933,100000
3037200010,100000
3037200045,100000
3041700035,100000
3041700090,100000
3052700213,100000
3052700245,100000
3052700460,100000
3052700464,100000
3056000050,100000
3056700150,100000
3057000070,100000
3065600270,100000
3066400080,100000
3066400750,100000
3083000355,100000
3092000030,100000
3094000210,100000
3095000095,100000
3101500010,100000
3123039082,100000
3123049230,100000
3123059107,100000
3124089060,100000
3126049154,100000
3126049217,100000
3126049261,100000
3126049446,100000
3126049517,100000
3126059023,100000
3131200640,100000
3131201105,100000
3131201320,100000
3134100023,100000
3157600240,100000
3163600130,100000
3172600151,100000
3186600515,100000
3188100065,100000
3192000085,100000
3204300225,100000
3204300455,100000
3204300625,100000
3204800370,100000
3204850140,100000
3205200430,100000
3205400150,100000
3205500160,100000
3210200395,100000
3210700380,100000
3210950510,100000
3211000170,100000
3211100450,100000
3211230080,100000
3211230300,100000
3211260290,100000
3211290370,100000
3211600650,100000
3211700035,100000
3213200245,100000
3221069035,100000
3222059187,100000
3224079105,100000
3224510080,100000
3224510290,100000
3224600340,100000
3225069239,100000
3226049080,100000
3226059128,100000
3235390100,100000
3241600150,100000
3260000300,100000
3260200200,100000
3260350090,100000
3260590070,100000
3260800190,100000
3260810260,100000
3260810590,100000
3261000080,100000
3262301610,100000
3268000040,100000
3271300155,100000
3274800505,100000
3275730120,100000
3275760190,100000
3275880100,100000
3275890310,100000
3276050110,100000
3276920270,100000
3276930370,100000
3276940100,100000
3276980120,100000
3277801417,100000
3277801646,100000
3278600670,100000
3278600900,100000
3278602490,100000
3278604400,100000
3278605590,100000
3278612570,100000
3279000120,100000
3288300920,100000
3288301010,100000
3288301410,100000
3293400010,100000
3293700482,100000
3293700521,100000
3294700030,100000
3294700101,100000
3294700320,100000
3295610200,100000
3295710150,100000
3295750610,100000
3295900490,100000
3296000040,100000
3298200790,100000
3298300130,100000
3298300140,100000
3298700305,100000
3298700946,100000
3300701170,100000
3300701365,100000
3300701440,100000
3303000130,100000
3303100075,100000
3303700376,100000
3303850330,100000
3303850360,100000
3303850390,100000
3303860130,100000
3303950080,100000
3303951150,100000
3303980470,100000
3303980650,100000
3303980660,100000
3303980680,100000
3303990380,100000
3303990410,100000
3306200010,100000
3307700405,100000
3308030060,100000
3313600266,100000
3319500317,100000
3319500385,100000
3319500628,100000
3320000810,100000
3321049112,100000
3322049095,100000
3323059027,100000
3324069070,100000
3325069025,100000
3326049077,100000
3326059253,100000
3329500060,100000
3329500730,100000
3329510200,100000
3329520170,100000
3329530200,100000
3330500875,100000
3330501975,100000
3331000220,100000
3331001765,100000
3331500455,100000
3332000195,100000
3332500100,100000
3333000655,100000
3333002440,100000
3334000050,100000
3336001911,100000
3336500140,100000
3336500190,100000
3339400515,100000
3339900640,100000
3342100160,100000
3342101785,100000
3342102880,100000
3342103228,100000
3342103282,100000
3342700405,100000
3342700610,100000
3343300065,100000
3343301385,100000
3343301910,100000
3343901234,100000
3343901408,100000
3343901440,100000
3343901641,100000
3343901848,100000
3343902281,100000
3346300356,100000
3348401584,100000
3348401740,100000
3352400004,100000
3352400330,100000
3352400905,100000
3352401476,100000
3352402195,100000
3353400435,100000
3353400860,100000
3353401340,100000
3355400242,100000
3356402020,100000
3356403400,100000
3356404330,100000
3356407665,100000
3359500110,100000
3361401025,100000
3362400092,100000
3362400431,100000
3362400590,100000
3362400615,100000
3362400650,100000
3362401761,100000
3362900696,100000
3364900375,100000
3365901435,100000
3368900084,100000
3383900058,100000
3395040200,100000
3395050050,100000
3395070980,100000
3395071610,100000
3395380200,100000
3395800295,100000
3395800305,100000
3401700031,100000
3401700040,100000
3401700185,100000
3407700047,100000
3420069060,100000
3422059085,100000
3422059208,100000
3423049209,100000
3423600060,100000
3425069117,100000
3426049031,100000
3426049124,100000
3426059050,100000
3426059070,100000
3432500215,100000
3438500114,100000
3438500339,100000
3438500797,100000
3438501081,100000
3438501452,100000
3438501662,100000
3438501862,100000
3438502083,100000
3438502290,100000
3438502731,100000
3438503045,100000
3438503120,100000
3444910020,100000
3445000274,100000
3447000030,100000
3448000542,100000
3448720020,100000
3448900210,100000
3448900420,100000
3449000010,100000
3451000442,100000
3456000160,100000
3459100300,100000
3459600440,100000
3500100089,100000
3500100189,100000
3501600135,100000
3512100050,100000
3518000180,100000
3521049048,100000
3521059134,100000
3522049063,100000
3523029041,100000
3523029077,100000
3523069008,100000
3524039060,100000
3524039144,100000
3524039204,100000
3525069037,100000
3526039160,100000
3526059115,100000
3528000210,100000
3528000260,100000
3528000545,100000
3528900770,100000
3530420110,100000
3530430100,100000
3531900060,100000
3541600405,100000
3544400236,100000
3546000070,100000
3558000130,100000
3558910490,100000
3558910640,100000
3560800040,100000
3566800485,100000
3574750150,100000
3574770030,100000
3574770100,100000
3574800090,100000
3574900170,100000
3575302575,100000
3575305452,100000
3577300040,100000
3578400950,100000
3578401330,100000
3578401760,100000
3578700017,100000
3579000010,100000
3579000370,100000
3579000440,100000
3579800180,100000
3582200200,100000
3582700130,100000
3582750120,100000
3582900200,100000
3584000180,100000
3585220070,100000
3585220340,100000
3585900460,100000
3585900785,100000
3586500770,100000
3586501085,100000
3592500800,100000
3598600049,100000
3598600088,100000
3600600065,100000
3601200465,100000
3616600003,100000
3620069036,100000
3622059155,100000
3622059157,100000
3623500135,100000
3624039102,100000
3624039111,100000
3625049088,100000
3625059043,100000
3625059166,100000
3625600190,100000
3629700080,100000
3629700120,100000
3629800100,100000
3629910470,100000
3629920140,100000
3629920300,100000
3629920630,100000
3629921060,100000
3629960170,100000
3629970930,100000
3629990280,100000
3630000130,100000
3630010040,100000
3630020150,100000
3630020380,100000
3630020430,100000
3630030290,100000
3630030440,100000
3630070010,100000
3630080070,100000
3630080120,100000
3630110370,100000
3630120050,100000
3630120330,100000
3630130130,100000
3630200430,100000
3630200520,100000
3630200780,100000
3644100030,100000
3644100073,100000
3645100240,100000
3649100306,100000
3649100674,100000
3654200037,100000
3654200039,100000
3654800040,100000
3654800200,100000
3655000070,100000
3663000070,100000
3664500133,100000
3667500015,100000
3668000070,100000
3668000670,100000
3668000830,100000
3686900025,100000
3692900010,100000
3693900245,100000
3705900238,100000
3709500140,100000
3715500170,100000
3717000250,100000
3723800414,100000
3731800055,100000
3732800525,100000
3735900590,100000
3738900035,100000
3739500096,100000
3744000130,100000
3750603471,100000
3750603685,100000
3750605349,100000
3750606890,100000
3750607974,100000
3751600030,100000
3751600176,100000
3751600635,100000
3751601501,100000
3751603173,100000
3751604974,100000
3751606606,100000
3751606785,100000
3754501205,100000
3754501240,100000
3754700050,100000
3755100220,100000
3755200220,100000
3755500065,100000
3755500080,100000
3756500610,100000
3760000020,100000
3760500407,100000
3761100180,100000
3761100257,100000
3761100276,100000
3761700067,100000
3764800250,100000
3764800630,100000
3782100035,100000
3782400040,100000
3782760080,100000
3791400250,100000
3791500050,100000
3793500510,100000
3793501050,100000
3793501130,100000
3793501450,100000
3797000145,100000
3797000295,100000
3797001702,100000
3797001895,100000
3797002585,100000
3797300140,100000
3797710010,100000
3797710020,100000
3810000565,100000
3810000843,100000
3810000860,100000
3811000230,100000
3812400657,100000
3814900210,100000
3815500165,100000
3816700150,100000
3819500065,100000
3819750170,100000
3820100284,100000
3820350070,100000
3820350120,100000
3820350140,100000
3824100364,100000
3825310530,100000
3825310540,100000
3825310760,100000
3825311190,100000
3825500020,100000
3825500080,100000
3826000280,100000
3826000460,100000
3826000560,100000
3826500290,100000
3826500730,100000
3830630310,100000
3831250350,100000
3832050570,100000
3832050580,100000
3832710960,100000
3834000720,100000
3834500195,100000
3840700205,100000
3840700600,100000
3840700653,100000
3856901715,100000
3856901760,100000
3856901880,100000
3856904560,100000
3856904825,100000
3856905010,100000
3860900003,100000
3860900111,100000
3861440010,100000
3861470110,100000
3861470120,100000
3861500330,100000
3862710010,100000
3862710030,100000
3864000120,100000
3867400180,100000
3869900136,100000
3869900150,100000
3876000710,100000
3876000910,100000
3876100320,100000
3876200060,100000
3876200070,100000
3876200100,100000
3876300890,100000
3876312570,100000
3876313100,100000
3876600120,100000
3876810170,100000
3876820140,100000
3878900185,100000
3879900750,100000
3879900753,100000
3879900754,100000
3880900236,100000
3880900245,100000
3881900317,100000
3881900445,100000
3885801190,100000
3885803044,100000
3885804305,100000
3885804390,100000
3885805665,100000
3885806565,100000
3885807362,100000
3885808035,100000
3885808210,100000
3886902615,100000
3886903615,100000
3888100117,100000
3888100226,100000
3892500070,100000
3893100456,100000
3901100015,100000
3901100030,100000
3902600150,100000
3904100089,100000
3904901300,100000
3904901450,100000
3904901710,100000
3904902430,100000
3904902510,100000
3904910480,100000
3904920730,100000
3904921100,100000
3904921120,100000
3904930410,100000
3904930730,100000
3904940140,100000
3904940200,100000
3904950190,100000
3904960700,100000
3904980270,100000
3905010010,100000
3905040170,100000
3905040220,100000
3905040800,100000
3905050280,100000
3905080730,100000
3905080870,100000
3905081070,100000
3905090080,100000
3905090230,100000
3905100210,100000
3905100310,100000
3908100020,100000
3914000095,100000
3918400097,100000
3920000040,100000
3920900220,100000
3935900030,100000
3943600020,100000
3955900830,100000
3964400120,100000
3971701300,100000
3971701455,100000
3975400260,100000
3980300371,100000
3981200250,100000
3981200660,100000
3987700115,100000
3990200065,100000
3992700070,100000
3992700326,100000
3995700250,100000
3996900125,100000
3997500130,100000
3999200310,100000
4006000251,100000
4006000423,100000
4006000571,100000
4010800110,100000
4014400190,100000
4014400237,100000
4017600010,100000
4022900077,100000
4022900150,100000
4022900571,100000
4022900837,100000
4022901316,100000
4022905473,100000
4022906430,100000
4022906531,100000
4023500118,100000
4024100090,100000
4024101440,100000
4024101478,100000
4024101715,100000
4024700100,100000
4025300195,100000
4025300360,100000
4025300371,100000
4027700396,100000
4027700726,100000
4027700812,100000
4027700930,100000
4027701220,100000
4027701265,100000
4031000260,100000
4031000520,100000
4034900065,100000
4036800370,100000
4036801170,100000
4036801315,100000
4037000080,100000
4037000840,100000
4037400430,100000
4037800140,100000
4038400130,100000
4038400150,100000
4038500330,100000
4038700830,100000
4039000050,100000
4039500390,100000
4040400200,100000
4040800360,100000
4045500130,100000
4045500510,100000
4045500620,100000
4045750010,100000
4046500720,100000
4046501300,100000
4046600120,100000
4046600820,100000
4046700210,100000
4047200580,100000
4047200850,100000
4048400185,100000
4053200285,100000
4053200410,100000
4053200933,100000
4054530090,100000
4054550010,100000
4054710090,100000
4055700955,100000
4055701200,100000
4057300030,100000
4058000060,100000
4058200915,100000
4058200985,100000
4058800500,100000
4058801325,100000
4058801780,100000
4058802255,100000
4059400585,100000
4060000020,100000
4060000170,100000
4067600160,100000
4067600255,100000
4068300280,100000
4073200124,100000
4073800140,100000
4077800029,100000
4077800094,100000
4077800582,100000
4077800593,100000
4083301380,100000
4083301950,100000
4083302625,100000
4083304355,100000
4083304535,100000
4086300065,100000
4094800120,100000
4099500605,100000
4100000040,100000
4104900150,100000
4107100190,100000
4109600195,100000
4113800410,100000
4114601580,100000
4122700020,100000
4122900020,100000
4123400340,100000
4123800260,100000
4123800270,100000
4123810210,100000
4123830480,100000
4123840210,100000
4123840470,100000
4134300175,100000
4136800205,100000
4136870110,100000
4136930360,100000
4136960010,100000
4137000070,100000
4137000590,100000
4137010010,100000
4137010310,100000
4137020820,100000
4137040060,100000
4137050060,100000
4137070030,100000
4137070830,100000
4139400630,100000
4139400910,100000
4139420190,100000
4139420590,100000
4139430410,100000
4139430910,100000
4139440460,100000
4139440730,100000
4139450760,100000
4139480190,100000
4139480200,100000
4139490190,100000
4139900210,100000
4139910030,100000
4139910170,100000
4140900270,100000
4140940130,100000
4141400030,100000
4141680190,100000
4141800285,100000
4142450040,100000
4142450480,100000
4142450490,100000
4151800410,100000
4154302045,100000
4166600610,100000
4166800080,100000
4167300300,100000
4167300310,100000
4167700210,100000
4168000110,100000
4171200025,100000
4172100240,100000
4174600072,100000
4174600262,100000
4174600386,100000
4178300040,100000
4178300080,100000
4178500440,100000
4178500580,100000
4189800020,100000
4189800050,100000
4206901155,100000
4206901435,100000
4216500110,100000
4217400120,100000
4217400590,100000
4217402115,100000
4217402162,100000
4218400671,100000
4219400555,100000
4221250320,100000
4221270100,100000
4221900030,100000
4222100280,100000
4222200210,100000
4222310290,100000
4223000280,100000
4223400050,100000
4224100030,100000
4229900140,100000
4233400400,100000
4233600150,100000
4235400186,100000
4235401055,100000
4237901250,100000
4237901345,100000
4239400300,100000
4240400140,100000
4254000060,100000
4268200055,100000
4273000095,100000
4279200060,100000
4298100070,100000
4299700095,100000
4302200415,100000
4305200070,100000
4305500030,100000
4305500180,100000
4305600360,100000
4306500070,100000
4307301160,100000
4307350450,100000
4307350520,100000
4309700190,100000
4310702858,100000
4310703083,100000
4311700120,100000
4312700200,100000
4315700505,100000
4315701163,100000
4317700085,100000
4318200440,100000
4322200050,100000
4322200105,100000
4322300140,100000
4322300340,100000
4322500055,100000
4322500110,100000
4324210120,100000
4325700085,100000
4327600010,100000
4331000130,100000
4337000160,100000
4338800190,100000
4338800370,100000
4338800685,100000
4340000010,100000
4345000050,100000
4345300180,100000
4348800030,100000
4358700135,100000
4358700188,100000
4363700304,100000
4364200250,100000
4364700595,100000
4364700600,100000
4364700805,100000
4365200186,100000
4365200425,100000
4365700130,100000
4366700140,100000
4376700430,100000
4376800010,100000
4377000100,100000
4379400580,100000
4385700250,100000
4388000070,100000
4399210110,100000
4400900030,100000
4402700593,100000
4403600270,100000
4406000390,100000
4423100095,100000
4427100105,100000
4435000520,100000
4440400125,100000
4441300325,100000
4442800008,100000
4442800166,100000
4443800545,100000
4443800555,100000
4443801495,100000
4447300165,100000
4449800595,100000
4449800681,100000
4450700030,100000
4458300190,100000
4468400214,100000
4475000170,100000
4477000270,100000
5003600120,100000
5006000035,100000
5009600010,100000
5014000100,100000
5014000215,100000
5014000225,100000
5014600180,100000
5015000596,100000
5015001215,100000
5018200110,100000
5021900090,100000
5021900140,100000
5021900175,100000
5021900779,100000
5027800190,100000
5029450100,100000
5029460180,100000
5035300090,100000
5035300750,100000
5035300834,100000
5035300850,100000
5045700400,100000
5066400564,100000
5075400035,100000
5076700145,100000
5078400035,100000
5088500170,100000
5089700260,100000
5089700750,100000
5095400040,100000
5095400460,100000
5095400760,100000
5096300130,100000
5100401160,100000
5100401429,100000
5100402606,100000
5100402668,100000
5100404030,100000
5101400994,100000
5101402312,100000
5101405067,100000
5101405276,100000
5101405335,100000
5101405340,100000
5101406489,100000
5101406522,100000
5101407250,100000
5101408835,100000
5103300090,100000
5104200380,100000
5104200470,100000
5104450690,100000
5104500020,100000
5104510060,100000
5104510210,100000
5104510270,100000
5104511050,100000
5104520400,100000
5104520610,100000
5104520640,100000
5104530770,100000
5104531820,100000
5112800421,100000
5113260040,100000
5113400364,100000
5116000170,100000
5125400305,100000
5126210280,100000
5126300650,100000
5126310060,100000
5126310110,100000
5126900100,100000
5127000420,100000
5127001170,100000
5127001600,100000
5130000090,100000
5135000170,100000
5137200140,100000
5141000571,100000
5145100300,100000
5145100460,100000
5149800040,100000
5151600300,100000
5151600340,100000
5152800030,100000
5152960710,100000
5153200150,100000
5153200486,100000
5160300020,100000
5160700035,100000
5162100650,100000
5200100125,100000
5201810110,100000
5202500030,100000
5207200195,100000
5230000020,100000
5230300210,100000
5244800895,100000
5244801230,100000
5248800440,100000
5249801411,100000
5249801720,100000
5249802424,100000
5249803010,100000
5249803036,100000
5249803185,100000
5249804655,100000
5249804760,100000
5249804825,100000
5249805090,100000
5250300035,100000
5253300437,100000
5255000110,100000
5255300150,100000
5255690100,100000
5272200040,100000
5276200020,100000
5288200260,100000
5309100295,100000
5309101050,100000
5312100060,100000
5315100277,100000
5315100394,100000
5315101716,100000
5316100255,100000
5316100820,100000
5317100570,100000
5317100750,100000
5318100504,100000
5318100840,100000
5318101040,100000
5335700110,100000
5347200160,100000
5347200175,100000
5350200870,100000
5350201180,100000
5363200100,100000
5364200620,100000
5379802816,100000
5379803386,100000
5379804730,100000
5379805495,100000
5379806180,100000
5381000082,100000
5393600507,100000
5393601690,100000
5406500430,100000
5409800120,100000
5412300130,100000
5414100040,100000
5415000240,100000
5416100110,100000
5416300240,100000
5416500520,100000
5416500680,100000
5416510140,100000
5416510530,100000
5417600130,100000
5417600200,100000
5418200295,100000
5419800220,100000
5419800330,100000
5419800510,100000
5420800090,100000
5422420470,100000
5422500220,100000
5422810010,100000
5422950170,100000
5423040140,100000
5425700150,100000
5425700205,100000
5437200080,100000
5437600010,100000
5437810360,100000
5438000160,100000
5448300150,100000
5450900140,100000
5452800645,100000
5453700140,100000
5457800930,100000
5457801833,100000
5458800425,100000
5459000240,100000
5459500100,100000
5460500040,100000
5461300150,100000
5462100240,100000
5466700360,100000
5466700450,100000
5468730030,100000
5468730280,100000
5468770250,100000
5468780020,100000
5469300330,100000
5469500640,100000
5469501200,100000
5469501850,100000
5469502660,100000
5469502860,100000
5470100090,100000
5476200123,100000
5476800201,100000
5490700035,100000
5500200010,100000
5502700005,100000
5506500070,100000
5515600088,100000
5522600205,100000
5525400300,100000
5525400430,100000
5525400530,100000
5530000030,100000
5550300205,100000
5556300076,100000
5557320030,100000
5557500270,100000
5557700210,100000
5557800010,100000
5559200051,100000
5559200170,100000
5560000480,100000
5560000540,100000
5561000010,100000
5561000600,100000
5561300750,100000
5561400220,100000
5561400440,100000
5561400740,100000
5561401260,100000
5561700340,100000
5561710110,100000
5561720180,100000
5566100170,100000
5569620410,100000
5587000010,100000
5589300361,100000
5589300495,100000
5589300585,100000
5589900590,100000
5589900610,100000
5589900761,100000
5592050080,100000
5592900105,100000
5592900205,100000
5595900090,100000
5595900345,100000
5595900355,100000
5602000025,100000
5603700025,100000
5603800110,100000
5605000430,100000
5608000700,100000
5608000860,100000
5608010050,100000
5608010420,100000
5608010750,100000
5609000311,100000
5631500213,100000
5631500505,100000
5631500941,100000
5632500110,100000
5634500182,100000
5634500201,100000
5634500234,100000
5634500775,100000
5634500891,100000
5636010560,100000
5637500070,100000
5637500094,100000
5637500180,100000
5637500250,100000
5643600351,100000
5647900120,100000
5649000150,100000
5649600435,100000
5649600464,100000
5651010300,100000
5652600069,100000
5652600427,100000
5652600556,100000
5652600605,100000
5667100045,100000
5680000260,100000
5683500085,100000
5694000768,100000
5694001061,100000
5694500386,100000
5694500497,100000
5695000142,100000
5695000270,100000
5700000595,100000
5700000600,100000
5700001640,100000
5700002460,100000
5700003221,100000
5700003585,100000
5700004028,100000
5700004525,100000
5701700011,100000
5701800030,100000
5702380500,100000
5702450250,100000
5706000070,100000
5706200360,100000
5706201360,100000
5710000005,100000
5710500230,100000
5710600030,100000
5710610250,100000
5727500006,100000
5727500019,100000
5727500301,100000
5729000070,100000
5739600427,100000
6003000851,100000
6003501400,100000
6012500170,100000
6018500015,100000
6021501320,100000
6021501535,100000
6021501780,100000
6021502070,100000
6021503570,100000
6021503705,100000
6021503707,100000
6028000090,100000
6031400013,100000
6031400071,100000
6031400092,100000
6042000090,100000
6046401030,100000
6052400625,100000
6052400975,100000
6054650510,100000
6056100312,100000
6056110430,100000
6056111350,100000
6061400160,100000
6061500130,100000
6064800550,100000
6064800730,100000
6067900640,100000
6071000310,100000
6071200195,100000
6071800410,100000
6072100140,100000
6072600200,100000
6072800246,100000
6073230230,100000
6073300530,100000
6073300790,100000
6073500190,100000
6076500160,100000
6083000123,100000
6096500105,100000
6113400047,100000
6116500341,100000
6117501250,100000
6117502220,100000
6117502230,100000
6119200085,100000
6121800060,100000
6123000090,100000
6126600950,100000
6126601380,100000
6126601445,100000
6127010670,100000
6130500060,100000
6130500070,100000
6131600075,100000
6132600221,100000
6133100125,100000
6139100086,100000
6139800430,100000
6145600041,100000
6145600285,100000
6145601510,100000
6145601995,100000
6146600170,100000
6147650280,100000
6149700194,100000
6150700394,100000
6152900273,100000
6152900332,100000
6161000015,100000
6163900333,100000
6163900821,100000
6163901061,100000
6163901261,100000
6163901283,100000
6163901382,100000
6163901383,100000
6169900545,100000
6169901185,100000
6178930340,100000
6181420200,100000
6181430280,100000
6181700625,100000
6190500380,100000
6192410280,100000
6192410550,100000
6204000040,100000
6204050040,100000
6204200170,100000
6205500280,100000
6300000287,100000
6300000335,100000
6300000396,100000
6300000550,100000
6300000693,100000
6306800010,100000
6306800020,100000
6306800050,100000
6326000130,100000
6329000380,100000
6329000705,100000
6332940020,100000
6338000592,100000
6341000020,100000
6370000005,100000
6371000020,100000
6371000026,100000
6382500020,100000
6383000150,100000
6383000825,100000
6383500295,100000
6384500590,100000
6386300120,100000
6388910040,100000
6388910730,100000
6392001670,100000
6392001810,100000
6392002020,100000
6398000011,100000
6402710070,100000
6403500570,100000
6413100242,100000
6414100025,100000
6414100482,100000
6414100560,100000
6415100410,100000
6430000275,100000
6430000945,100000
6430500182,100000
6431000748,100000
6431000749,100000
6431000987,100000
6437400101,100000
6445800120,100000
6446200305,100000
6447300265,100000
6447300345,100000
6450300840,100000
6450301690,100000
6450301835,100000
6453300055,100000
6457000080,100000
6600060150,100000
6600220550,100000
6600250050,100000
6600400270,100000
6600790210,100000
6607000126,100000
6613000715,100000
6616000010,100000
6620400400,100000
6624010010,100000
6629300120,100000
6632300477,100000
6632300567,100000
6638900405,100000
6645950070,100000
6646200420,100000
6647400090,100000
6648900005,100000
6649500060,100000
6649900090,100000
6654700240,100000
6664000030,100000
6664500090,100000
6664900330,100000
6664900410,100000
6665800060,100000
6666830230,100000
6666830250,100000
6666830320,100000
6666860170,100000
6666860210,100000
6669010120,100000
6669100070,100000
6669200200,100000
6671900095,100000
6675500070,100000
6681500080,100000
6690500070,100000
6690500320,100000
6699930260,100000
6699930530,100000
6699940140,100000
6703100070,100000
6706200130,100000
6716700240,100000
6728700075,100000
6738700005,100000
6738700075,100000
6738700275,100000
6738700320,100000
6743700015,100000
6743700090,100000
6743700317,100000
6744700181,100000
6744700900,100000
6746700605,100000
6749700002,100000
6749700004,100000
6749700117,100000
6758700050,100000
6788200360,100000
6788200596,100000
6788200605,100000
6790830060,100000
6791000050,100000
6792100090,100000
6792200066,100000
6792200282,100000
6795100589,100000
6798100070,100000
6798100661,100000
6799300270,100000
6802210450,100000
6804600550,100000
6806100340,100000
6806300750,100000
6814600150,100000
6817750440,100000
6817800840,100000
6817801410,100000
6819100020,100000
6819100310,100000
6819100380,100000
6820100010,100000
6821100195,100000
6821101827,100000
6821101870,100000
6821101895,100000
6821102100,100000
6821102317,100000
6821102367,100000
6822100030,100000
6837700005,100000
6837700170,100000
6837700175,100000
6837820330,100000
6838000170,100000
6838000520,100000
6840701160,100000
6843600040,100000
6844702690,100000
6852700279,100000
6852700520,100000
6855100010,100000
6865200095,100000
6865200444,100000
6868200029,100000
6870000150,100000
6870310010,100000
6880210020,100000
6882520050,100000
6884800210,100000
6889000060,100000
6893300295,100000
6893300350,100000
6899990200,100000
6908200080,100000
6908200155,100000
6909200401,100000
6917700356,100000
6918700370,100000
6918710340,100000
6918730230,100000
6928000605,100000
6928600330,100000
6929603769,100000
6977000040,100000
6979900010,100000
6979900370,100000
6979900390,100000
6979920090,100000
6979940050,100000
7003200120,100000
7010700110,100000
7010700660,100000
7011201245,100000
7011201333,100000
7011201470,100000
7011201476,100000
7011201550,100000
7013200280,100000
7015200685,100000
7017200120,100000
7100000035,100000
7100000120,100000
7104100110,100000
7116500705,100000
7128300060,100000
7128300855,100000
7129301001,100000
7129302095,100000
7129303070,100000
7129304540,100000
7129800036,100000
7130300170,100000
7131300047,100000
7132300540,100000
7132300550,100000
7132300695,100000
7135300026,100000
7135520300,100000
7135520650,100000
7135520780,100000
7135521530,100000
7137300040,100000
7137800085,100000
7137900320,100000
7137910140,100000
7137950210,100000
7140200250,100000
7140200280,100000
7140200450,100000
7140700850,100000
7140800100,100000
7147400045,100000
7147800015,100000
7148000315,100000
7148700050,100000
7149410060,100000
7165700200,100000
7169500020,100000
7183000060,100000
7186800105,100000
7192200040,100000
7199320570,100000
7199340650,100000
7200001005,100000
7200001254,100000
7200001608,100000
7200001756,100000
7201800300,100000
7202260210,100000
7202261260,100000
7202270440,100000
7202270570,100000
7202270700,100000
7202271060,100000
7202280390,100000
7202290320,100000
7202300110,100000
7202310010,100000
7202330170,100000
7202330190,100000
7202330270,100000
7202330530,100000
7202330610,100000
7202331160,100000
7202331220,100000
7202331420,100000
7202340190,100000
7202340820,100000
7202340930,100000
7202350310,100000
7202360430,100000
7203100730,100000
7203100850,100000
7203101580,100000
7203101590,100000
7203140180,100000
7203210170,100000
7203220260,100000
7203220300,100000
7203230010,100000
7203230040,100000
7203600560,100000
7204200025,100000
7205500120,100000
7205850030,100000
7205930050,100000
7211340030,100000
7211400615,100000
7212650200,100000
7212650650,100000
7212650850,100000
7214400095,100000
7214720400,100000
7214800240,100000
7214800430,100000
7214810050,100000
7214810150,100000
7214810550,100000
7214820030,100000
7214820610,100000
7215400770,100000
7215720410,100000
7215721350,100000
7215721570,100000
7215730090,100000
7215730410,100000
7215730590,100000
7217400895,100000
7222000090,100000
7224000315,100000
7224000450,100000
7224000545,100000
7224500010,100000
7225000140,100000
7225000155,100000
7226000110,100000
7227500910,100000
7227501450,100000
7227501765,100000
7227800025,100000
7227800065,100000
7227800180,100000
7228501903,100000
7228501910,100000
7228502150,100000
7229000025,100000
7229100040,100000
7229900145,100000
7229900285,100000
7229900975,100000
7230900120,100000
7231501665,100000
7234600851,100000
7234601140,100000
7234601142,100000
7234601166,100000
7237301210,100000
7237450030,100000
7237450130,100000
7237450600,100000
7237500530,100000
7237500650,100000
7237550130,100000
7237550310,100000
7242800040,100000
7243500025,100000
7254200040,100000
7258200060,100000
7276100165,100000
7278100665,100000
7283900010,100000
7283900306,100000
7284900405,100000
7298030210,100000
7298040310,100000
7300200290,100000
7300400150,100000
7300400580,100000
7301300050,100000
7301300150,100000
7301300215,100000
7302000120,100000
7302900090,100000
7304300420,100000
7304301045,100000
7304301085,100000
7305300090,100000
7308600010,100000
7312100010,100000
7313200120,100000
7316400070,100000
7322910030,100000
7334500120,100000
7334500800,100000
7334600280,100000
7335400020,100000
7335400065,100000
7335400345,100000
7335400400,100000
7338000270,100000
7338000950,100000
7338220280,100000
7340601063,100000
7345000340,100000
7347600210,100000
7348200115,100000
7349650330,100000
7352200100,100000
7352200450,100000
7365600070,100000
7370600045,100000
7370600050,100000
7375100070,100000
7387500195,100000
7399100210,100000
7403200050,100000
7417100123,100000
7417100133,100000
7418000020,100000
7419500200,100000
7420200050,100000
7424700145,100000
7429000240,100000
7430200060,100000
7431500280,100000
7436000205,100000
7436050170,100000
7436200040,100000
7436300160,100000
7436300180,100000
7436400020,100000
7436500060,100000
7436500270,100000
7436700090,100000
7436900045,100000
7437100340,100000
7437101030,100000
7443000652,100000
7452500285,100000
7452500770,100000
7452500815,100000
7454000110,100000
7454000875,100000
7454001125,100000
7460000015,100000
7462900015,100000
7491010060,100000
7501000080,100000
7503000050,100000
7504000230,100000
7504001340,100000
7504001430,100000
7504010570,100000
7504010750,100000
7504010760,100000
7504020970,100000
7504110030,100000
7504110330,100000
7504200120,100000
7504400120,100000
7504400290,100000
7504400400,100000
7504460200,100000
7508700085,100000
7511210310,100000
7515000143,100000
7518500885,100000
7518502490,100000
7518502945,100000
7518504130,100000
7518504291,100000
7518504775,100000
7519000225,100000
7519000335,100000
7519000570,100000
7519000585,100000
7520000440,100000
7520000695,100000
7523700305,100000
7525000080,100000
7525410060,100000
7525410090,100000
7525530100,100000
7525530470,100000
7533800325,100000
7537300210,100000
7548300441,100000
7548800050,100000
7549801565,100000
7549802535,100000
7549802600,100000
7550801225,100000
7555220150,100000
7559600430,100000
7562100065,100000
7568700260,100000
7568700480,100000
7568700740,100000
7570050070,100000
7575610760,100000
7577700185,100000
7579200715,100000
7582700075,100000
7588700204,100000
7606200275,100000
7611200195,100000
7613700860,100000
7613700950,100000
7616800350,100000
7625700012,100000
7625701891,100000
7625702263,100000
7625702505,100000
7625702615,100000
7625703260,100000
7625703885,100000
7625703900,100000
7625704340,100000
7625704500,100000
7625704510,100000
7628700050,100000
7631200085,100000
7631200292,100000
7634800070,100000
7660100085,100000
7660100309,100000
7663700030,100000
7663700150,100000
7663700610,100000
7680400050,100000
7680400140,100000
7683800010,100000
7683800192,100000
7683900200,100000
7686203180,100000
7686203275,100000
7689600360,100000
7694200070,100000
7694200350,100000
7694800180,100000
7695500240,100000
7696300180,100000
7697000020,100000
7697000150,100000
7697800040,100000
7697870350,100000
7697870530,100000
7701930180,100000
7701950060,100000
7701960130,100000
7701990040,100000
7702010050,100000
7702080110,100000
7708200600,100000
7708210040,100000
7708250010,100000
7715800310,100000
7715800390,100000
7732410390,100000
7732410420,100000
7745500015,100000
7749500160,100000
7749500250,100000
7749500370,100000
7750500275,100000
7752000065,100000
7752700110,100000
7754900280,100000
7760400880,100000
7763400035,100000
7767000060,100000
7768800280,100000
7772000010,100000
7773800015,100000
7774200236,100000
7784400035,100000
7784400070,100000
7785350490,100000
7785380150,100000
7787100210,100000
7787110510,100000
7787120500,100000
7787920160,100000
7789200070,100000
7792000140,100000
7796450340,100000
7796600070,100000
7805600070,100000
7806210070,100000
7806210190,100000
7806210250,100000
7806210400,100000
7806450190,100000
7809200055,100000
7811210320,100000
7812800565,100000
7812801590,100000
7812801700,100000
7818700410,100000
7820000015,100000
7823700005,100000
7831800110,100000
7831800460,100000
7841300535,100000
7843500070,100000
7843500090,100000
7846700850,100000
7849200861,100000
7849201061,100000
7852000010,100000
7852000110,100000
7852010510,100000
7852020640,100000
7852030960,100000
7852040080,100000
7852070210,100000
7852090390,100000
7852090570,100000
7852090820,100000
7852120140,100000
7852130430,100000
7852130460,100000
7852130550,100000
7852150200,100000
7852160310,100000
7852170370,100000
7852180340,100000
7852180560,100000
7852190290,100000
7852190410,100000
7853210210,100000
7853240660,100000
7853270100,100000
7853270200,100000
7853270630,100000
7853270710,100000
7853270830,100000
7853280620,100000
7853290090,100000
7853300020,100000
7853300770,100000
7853301220,100000
7853301240,100000
7853301390,100000
7853301570,100000
7853302110,100000
7853302130,100000
7853302180,100000
7853302190,100000
7853310380,100000
7853321180,100000
7853340490,100000
7853360480,100000
7853361230,100000
7853361370,100000
7853361410,100000
7853370020,100000
7853380570,100000
7853420480,100000
7855801670,100000
7856400240,100000
7856410020,100000
7856560320,100000
7856560380,100000
7856610130,100000
7856610490,100000
7856620910,100000
7856700060,100000
7857003465,100000
7859910110,100000
7859960250,100000
7861300140,100000
7866000158,100000
7866500035,100000
7871500485,100000
7880010060,100000
7880020030,100000
7881500330,100000
7882900120,100000
7883604065,100000
7883605695,100000
7883605900,100000
7883606725,100000
7883607520,100000
7885100005,100000
7885800740,100000
7885801460,100000
7888100240,100000
7889000160,100000
7889100020,100000
7889600190,100000
7889601300,100000
7891600260,100000
7893200486,100000
7893800534,100000
7893802670,100000
7893805650,100000
7895500550,100000
7899800476,100000
7899800857,100000
7899800860,100000
7905200037,100000
7920100083,100000
7922720040,100000
7922750020,100000
7923000360,100000
7923100400,100000
7923300230,100000
7923300285,100000
7923500090,100000
7932000041,100000
7932600140,100000
7936000403,100000
7937600010,100000
7937900040,100000
7940700260,100000
7940710100,100000
7942100180,100000
7942100290,100000
7942601155,100000
7950300440,100000
7950304075,100000
7954300620,100000
7955000210,100000
7955040130,100000
7956200220,100000
7960100050,100000
7967200290,100000
7967700570,100000
7967950040,100000
7968460240,100000
7971300050,100000
7972600450,100000
7972600676,100000
7972601680,100000
7972601995,100000
7972602080,100000
7972602435,100000
7972604345,100000
7972604355,100000
7973202712,100000
7974200776,100000
7974700112,100000
7977200055,100000
7977201240,100000
7977201865,100000
7979900210,100000
7979900680,100000
7981900110,100000
7983000200,100000
7983200060,100000
7985100190,100000
7985400133,100000
7986400265,100000
7986401205,100000
7986401305,100000
7987400285,100000
7987400356,100000
7999950020,100000
8001450060,100000
8001470560,100000
8001600130,100000
8005100540,100000
8005100571,100000
8010100040,100000
8011100005,100000
8011100047,100000
8018000020,100000
8018600655,100000
8018600765,100000
8018600980,100000
8019200360,100000
8019700010,100000
8022900005,100000
8024200681,100000
8024200683,100000
8024201055,100000
8024201795,100000
8024202170,100000
8024202520,100000
8029500180,100000
8029510010,100000
8029550180,100000
8029770190,100000
8032700070,100000
8032700075,100000
8035350010,100000
8035350090,100000
8035350120,100000
8039900086,100000
8039900130,100000
8039900360,100000
8039900400,100000
8044200200,100000
8045000180,100000
8045000340,100000
8058500005,100000
8067000020,100000
8068000440,100000
8069000075,100000
8071000050,100000
8077210230,100000
8078050040,100000
8078100140,100000
8078350030,100000
8078350100,100000
8078350220,100000
8078380090,100000
8078380230,100000
8078410210,100000
8078420230,100000
8078440050,100000
8078440140,100000
8078460070,100000
8078490090,100000
8078490330,100000
8078520090,100000
8078550190,100000
8079010190,100000
8079030390,100000
8079040140,100000
8079040300,100000
8079040320,100000
8079040330,100000
8079100210,100000
8079100370,100000
8080400045,100000
8081020380,100000
8081030090,100000
8081650330,100000
8081650400,100000
8084400010,100000
8085400055,100000
8085400410,100000
8085400586,100000
8088600080,100000
8093600065,100000
8096000060,100000
8096800270,100000
8097000330,100000
8099600160,100000
8099800340,100000
8099900260,100000
8100000060,100000
8106300510,100000
8113101233,100000
8121100155,100000
8121100325,100000
8121200620,100000
8121200810,100000
8122100130,100000
8122100265,100000
8122100650,100000
8122600165,100000
8122600195,100000
8123710070,100000
8125200481,100000
8126300360,100000
8127700390,100000
8127700820,100000
8127700845,100000
8129700085,100000
8132700150,100000
8137500730,100000
8138870060,100000
8141200027,100000
8141200080,100000
8141310030,100000
8143000310,100000
8146200070,100000
8146300015,100000
8151600101,100000
8151600701,100000
8151600900,100000
8151600973,100000
8155870200,100000
8156600155,100000
8156600210,100000
8159300040,100000
8159300050,100000
8159600360,100000
8161000210,100000
8161000220,100000
8161020050,100000
8163000020,100000
8165500790,100000
8550001515,100000
8558600085,100000
8559300020,100000
8562400025,100000
8562500690,100000
8562710550,100000
8562710640,100000
8562720390,100000
8562720410,100000
8562740370,100000
8562740480,100000
8562750220,100000
8562750300,100000
8562750660,100000
8562770050,100000
8562780160,100000
8562780200,100000
8562780290,100000
8562780800,100000
8562790310,100000
8562790710,100000
8562790760,100000
8562890700,100000
8562900240,100000
8562901830,100000
8562901910,100000
8563000300,100000
8563001070,100000
8564500020,100000
8564860110,100000
8564950280,100000
8565900160,100000
8566100160,100000
8570900162,100000
8572900275,100000
8576400050,100000
8581200030,100000
8581200160,100000
8581400345,100000
8581400450,100000
8594400370,100000
8598900125,100000
8605900060,100000
8635750950,100000
8635760330,100000
8635760480,100000
8641500280,100000
8643000190,100000
8643000225,100000
8643200035,100000
8644210050,100000
8644400180,100000
8645501330,100000
8645511350,100000
8645530060,100000
8645540320,100000
8648100030,100000
8648100130,100000
8648100200,100000
8649401000,100000
8649401270,100000
8649900440,100000
8650100120,100000
8650700090,100000
8651100140,100000
8651401270,100000
8651401680,100000
8651410120,100000
8651410240,100000
8651410740,100000
8651440740,100000
8651441290,100000
8651442810,100000
8651442880,100000
8651510380,100000
8651511030,100000
8651511060,100000
8651520420,100000
8651610660,100000
8651610680,100000
8651611260,100000
8651611640,100000
8651611980,100000
8651710430,100000
8651730290,100000
8651730580,100000
8653600050,100000
8656300380,100000
8658300340,100000
8658301060,100000
8658303080,100000
8663200450,100000
8663240180,100000
8663260030,100000
8663310010,100000
8665200020,100000
8665900206,100000
8665900336,100000
8669160170,100000
8670000060,100000
8673400086,100000
8677300550,100000
8678500020,100000
8680500220,100000
8682211030,100000
8682220150,100000
8682230590,100000
8682231110,100000
8682231330,100000
8682260870,100000
8682262170,100000
8682262240,100000
8682262720,100000
8682280260,100000
8682280490,100000
8682281080,100000
8682281960,100000
8682282210,100000
8682290100,100000
8682292020,100000
8682292090,100000
8682300890,100000
8682302030,100000
8682310430,100000
8682320420,100000
8682320600,100000
8682320900,100000
8685500020,100000
8687800065,100000
8687800100,100000
8691300380,100000
8691300500,100000
8691300860,100000
8691310040,100000
8691310420,100000
8691310840,100000
8691330130,100000
8691330330,100000
8691370400,100000
8691370500,100000
8691390460,100000
8691390530,100000
8691390860,100000
8691400010,100000
8691410700,100000
8691510310,100000
8698100170,100000
8698600055,100000
8700100010,100000
8700120520,100000
8712100605,100000
8718500610,100000
8722101100,100000
8724300010,100000
8725950360,100000
8730000260,100000
8731801260,100000
8731900640,100000
8731901810,100000
8731902340,100000
8731902680,100000
8731951130,100000
8731980440,100000
8731980880,100000
8731983200,100000
8731983340,100000
8731990700,100000
8732000410,100000
8732020310,100000
8732030440,100000
8732040180,100000
8732040580,100000
8732130140,100000
8732130680,100000
8732131200,100000
8732160250,100000
8732300430,100000
8732800100,100000
8732900300,100000
8798000100,100000
8802400416,100000
8802400896,100000
8807300130,100000
8807900233,100000
8813400245,100000
8818400490,100000
8820900670,100000
8820901792,100000
8820902400,100000
8820902540,100000
8820902700,100000
8822901175,100000
8823902005,100000
8825900070,100000
8825900095,100000
8827900560,100000
8832900120,100000
8835200790,100000
8835220090,100000
8835350230,100000
8835350300,100000
8835700010,100000
8835800350,100000
8835800480,100000
8835900220,100000
8838900032,100000
8849700040,100000
8850000018,100000
8850000180,100000
8854000410,100000
8854100350,100000
8856004327,100000
8856920070,100000
8856960280,100000
8856970440,100000
8857100060,100000
8857310010,100000
8857320130,100000
8857600490,100000
8857600820,100000
8860310120,100000
8860310240,100000
8864000440,100000
8898700880,100000
8899000050,100000
8899000430,100000
8899200110,100000
8899210320,100000
8901000543,100000
8901500178,100000
8902000068,100000
8910500226,100000
8910500238,100000
8914200220,100000
8917100020,100000
8917100180,100000
8917100206,100000
8920100041,100000
8924100111,100000
8924100372,100000
8924100430,100000
8928100125,100000
8929000040,100000
8929000350,100000
8943600720,100000
8943600870,100000
8944290200,100000
8944300110,100000
8944310330,100000
8944360390,100000
8944460290,100000
8944550140,100000
8944600620,100000
8945300090,100000
8946390150,100000
8946400100,100000
8946410040,100000
8947250060,100000
8950500250,100000
8952900204,100000
8955800045,100000
8960200280,100000
8963300005,100000
8964800225,100000
8965000050,100000
8965500820,100000
9117100040,100000
9122000385,100000
9122001230,100000
9122001231,100000
9126100813,100000
9126100850,100000
9126100861,100000
9126101090,100000
9126101121,100000
9126101201,100000
9133600135,100000
9136103136,100000
9144100298,100000
9151600055,100000
9151600106,100000
9164100035,100000
9165100130,100000
9165100230,100000
9165100330,100000
9169600110,100000
9169600209,100000
9178601660,100000
9183700470,100000
9183700845,100000
9183703376,100000
9187200045,100000
9187200095,100000
9191201250,100000
9191201790,100000
9195700040,100000
9197100101,100000
9198600035,100000
9202650040,100000
9206200110,100000
9206950200,100000
9211010220,100000
9211010230,100000
9211010900,100000
9211500010,100000
9211500520,100000
9218400050,100000
9222400565,100000
9232900050,100000
9238430140,100000
9238430430,100000
9238440130,100000
9238450150,100000
9238500190,100000
9238500410,100000
9238900616,100000
9262800057,100000
9262800294,100000
9264030470,100000
9264900660,100000
9264910920,100000
9264911150,100000
9264911210,100000
9264911550,100000
9264920620,100000
9264950410,100000
9264960850,100000
9265400210,100000
9265700045,100000
9266700295,100000
9267200226,100000
9268200380,100000
9268200600,100000
9268850040,100000
9268850350,100000
9268850940,100000
9268851380,100000
9268851800,100000
9269200120,100000
9269200650,100000
9269260100,100000
9269260420,100000
9274200314,100000
9274200320,100000
9274200324,100000
9274200990,100000
9274201006,100000
9274201730,100000
9274202620,100000
9274203190,100000
9275700765,100000
9276200890,100000
9276201895,100000
9279700013,100000
9282801450,100000
9283800050,100000
9284800844,100000
9284801165,100000
9284801435,100000
9284801845,100000
9284802045,100000
9285800180,100000
9285800590,100000
9285800735,100000
9286000240,100000
9286100200,100000
9286100250,100000
9287800135,100000
9287801455,100000
9292000380,100000
9294300495,100000
9294300600,100000
9297300255,100000
9297300395,100000
9297301535,100000
9304400010,100000
9315300230,100000
9320350130,100000
9323000010,100000
9323600280,100000
9323610260,100000
9324320030,100000
9324800455,100000
9325200110,100000
9325200160,100000
9335400005,100000
9345400350,100000
9346900170,100000
9346930100,100000
9346930250,100000
9346960050,100000
9348700610,100000
9353300140,100000
9353300600,100000
9353300820,100000
9357000215,100000
9358001566,100000
9358400080,100000
9359100750,100000
9362000080,100000
9365700385,100000
9368700341,100000
9371700132,100000
9376301591,100000
9378500050,100000
9385200042,100000
9385200045,100000
9385200055,100000
9392500100,100000
9393700065,100000
9396700024,100000
9406500480,100000
9406510040,100000
9406510130,100000
9406540190,100000
9406550100,100000
9406570300,100000
9407001700,100000
9407001770,100000
9407001790,100000
9407001830,100000
9407100310,100000
9407101180,100000
9407101850,100000
9407111100,100000
9407150240,100000
9407150250,100000
9408300380,100000
9413900035,100000
9414500230,100000
9414700020,100000
9415950020,100000
9417400110,100000
9421500010,100000
9421500070,100000
9423400193,100000
9423800030,100000
9429000170,100000
9429400170,100000
9433000480,100000
9435300051,100000
9441300030,100000
9448300061,100000
9455200790,100000
9460000110,100000
9464700340,100000
9465910030,100000
9465910150,100000
9468200125,100000
9468200140,100000
9468200163,100000
9471200370,100000
9475710040,100000
9475710170,100000
9476200580,100000
9477001140,100000
9477100490,100000
9477580110,100000
9477730080,100000
9477940390,100000
9478500180,100000
9482700475,100000
9485300190,100000
9485300560,100000
9485700150,100000
9485740340,100000
9485750110,100000
9485910100,100000
9485950060,100000
9485950340,100000
9485951460,100000
9492500090,100000
9500900060,100000
9500900430,100000
9510300220,100000
9510320150,100000
9510920070,100000
9510930350,100000
9510970520,100000
9510970530,100000
9512000140,100000
9512500610,100000
9512500680,100000
9516500100,100000
9517200030,100000
9517200480,100000
9517200610,100000
9521100029,100000
9521100031,100000
9521100866,100000
9521101520,100000
9522350090,100000
9523100458,100000
9523100550,100000
9523103990,100000
9523104345,100000
9524100196,100000
9526600250,100000
9527000090,100000
9527000180,100000
9528101061,100000
9528101214,100000
9528102993,100000
9528104286,100000
9528104910,100000
9530100085,100000
9530101535,100000
9533100080,100000
9533100145,100000
9533600185,100000
9536600010,100000
9536600810,100000
9536602080,100000
9537200037,100000
9541600255,100000
9541600295,100000
9541600490,100000
9542100005,100000
9542200220,100000
9542200610,100000
9542400075,100000
9542801410,100000
9542830440,100000
9542840060,100000
9542840410,100000
9542890100,100000
9547200340,100000
9547201850,100000
9550200370,100000
9550201550,100000
9550202870,100000
9551200270,100000
9551201155,100000
9551201585,100000
9551201660,100000
9551202130,100000
9552700550,100000
9557300560,100000
9557300570,100000
9558000100,100000
9558010190,100000
9558020380,100000
9558020840,100000
9558021000,100000
9558021010,100000
9558041130,100000
9558050230,100000
9558050360,100000
9560700055,100000
9562200090,100000
9578060420,100000
9578500510,100000
9578500790,100000
9808590210,100000
9808700370,100000
9809000010,100000
9826700707,100000
9826700726,100000
9826700930,100000
9826701201,100000
9826701490,100000
9827700105,100000
9828200147,100000
9828200525,100000
9828201725,100000
9828202545,100000
9828700235,100000
9828701690,100000
9828701747,100000
9828702339,100000
9828702513,100000
9828702518,100000
9828702519,100000
9828702588,100000
9828702812,100000
9828702895,100000
9829201058,100000
9831200172,100000
9831200520,100000
9834200030,100000
9834200365,100000
9834201205,100000
9834201370,100000
9835801000,100000
9839300285,100000
9839301060,100000
9842300036,100000
9842300485,100000
